year,BCCA_0-125deg_tasmin_day_ACCESS1-0_rcp45_r1i1p1,BCCA_0-125deg_tasmin_day_ACCESS1-0_rcp85_r1i1p1,BCCA_0-125deg_tasmin_day_BNU-ESM_rcp45_r1i1p1,BCCA_0-125deg_tasmin_day_BNU-ESM_rcp85_r1i1p1,BCCA_0-125deg_tasmin_day_CCSM4_rcp26_r1i1p1,BCCA_0-125deg_tasmin_day_CCSM4_rcp45_r1i1p1,BCCA_0-125deg_tasmin_day_CCSM4_rcp60_r1i1p1,BCCA_0-125deg_tasmin_day_CCSM4_rcp85_r1i1p1,BCCA_0-125deg_tasmin_day_CESM1-BGC_rcp45_r1i1p1,BCCA_0-125deg_tasmin_day_CESM1-BGC_rcp85_r1i1p1,BCCA_0-125deg_tasmin_day_CNRM-CM5_rcp45_r1i1p1,BCCA_0-125deg_tasmin_day_CNRM-CM5_rcp85_r1i1p1,BCCA_0-125deg_tasmin_day_CSIRO-Mk3-6-0_rcp26_r1i1p1,BCCA_0-125deg_tasmin_day_CSIRO-Mk3-6-0_rcp45_r1i1p1,BCCA_0-125deg_tasmin_day_CSIRO-Mk3-6-0_rcp85_r1i1p1,BCCA_0-125deg_tasmin_day_CanESM2_rcp26_r1i1p1,BCCA_0-125deg_tasmin_day_CanESM2_rcp45_r1i1p1,BCCA_0-125deg_tasmin_day_CanESM2_rcp85_r1i1p1,BCCA_0-125deg_tasmin_day_GFDL-CM3_rcp26_r1i1p1,BCCA_0-125deg_tasmin_day_GFDL-CM3_rcp60_r1i1p1,BCCA_0-125deg_tasmin_day_GFDL-CM3_rcp85_r1i1p1,BCCA_0-125deg_tasmin_day_GFDL-ESM2G_rcp26_r1i1p1,BCCA_0-125deg_tasmin_day_GFDL-ESM2G_rcp45_r1i1p1,BCCA_0-125deg_tasmin_day_GFDL-ESM2G_rcp60_r1i1p1,BCCA_0-125deg_tasmin_day_GFDL-ESM2G_rcp85_r1i1p1,BCCA_0-125deg_tasmin_day_GFDL-ESM2M_rcp26_r1i1p1,BCCA_0-125deg_tasmin_day_GFDL-ESM2M_rcp45_r1i1p1,BCCA_0-125deg_tasmin_day_GFDL-ESM2M_rcp60_r1i1p1,BCCA_0-125deg_tasmin_day_GFDL-ESM2M_rcp85_r1i1p1,BCCA_0-125deg_tasmin_day_IPSL-CM5A-LR_rcp26_r1i1p1,BCCA_0-125deg_tasmin_day_IPSL-CM5A-LR_rcp45_r1i1p1,BCCA_0-125deg_tasmin_day_IPSL-CM5A-LR_rcp60_r1i1p1,BCCA_0-125deg_tasmin_day_IPSL-CM5A-LR_rcp85_r1i1p1,BCCA_0-125deg_tasmin_day_IPSL-CM5A-MR_rcp26_r1i1p1,BCCA_0-125deg_tasmin_day_IPSL-CM5A-MR_rcp45_r1i1p1,BCCA_0-125deg_tasmin_day_IPSL-CM5A-MR_rcp60_r1i1p1,BCCA_0-125deg_tasmin_day_IPSL-CM5A-MR_rcp85_r1i1p1,BCCA_0-125deg_tasmin_day_MIROC-ESM-CHEM_rcp26_r1i1p1,BCCA_0-125deg_tasmin_day_MIROC-ESM-CHEM_rcp45_r1i1p1,BCCA_0-125deg_tasmin_day_MIROC-ESM-CHEM_rcp60_r1i1p1,BCCA_0-125deg_tasmin_day_MIROC-ESM-CHEM_rcp85_r1i1p1,BCCA_0-125deg_tasmin_day_MIROC-ESM_rcp26_r1i1p1,BCCA_0-125deg_tasmin_day_MIROC-ESM_rcp45_r1i1p1,BCCA_0-125deg_tasmin_day_MIROC-ESM_rcp60_r1i1p1,BCCA_0-125deg_tasmin_day_MIROC-ESM_rcp85_r1i1p1,BCCA_0-125deg_tasmin_day_MIROC5_rcp26_r1i1p1,BCCA_0-125deg_tasmin_day_MIROC5_rcp45_r1i1p1,BCCA_0-125deg_tasmin_day_MIROC5_rcp60_r1i1p1,BCCA_0-125deg_tasmin_day_MIROC5_rcp85_r1i1p1,BCCA_0-125deg_tasmin_day_MPI-ESM-LR_rcp26_r1i1p1,BCCA_0-125deg_tasmin_day_MPI-ESM-LR_rcp45_r1i1p1,BCCA_0-125deg_tasmin_day_MPI-ESM-LR_rcp85_r1i1p1,BCCA_0-125deg_tasmin_day_MPI-ESM-MR_rcp26_r1i1p1,BCCA_0-125deg_tasmin_day_MPI-ESM-MR_rcp45_r1i1p1,BCCA_0-125deg_tasmin_day_MPI-ESM-MR_rcp85_r1i1p1,BCCA_0-125deg_tasmin_day_MRI-CGCM3_rcp26_r1i1p1,BCCA_0-125deg_tasmin_day_MRI-CGCM3_rcp45_r1i1p1,BCCA_0-125deg_tasmin_day_MRI-CGCM3_rcp60_r1i1p1,BCCA_0-125deg_tasmin_day_MRI-CGCM3_rcp85_r1i1p1,BCCA_0-125deg_tasmin_day_NorESM1-M_rcp26_r1i1p1,BCCA_0-125deg_tasmin_day_NorESM1-M_rcp45_r1i1p1,BCCA_0-125deg_tasmin_day_NorESM1-M_rcp60_r1i1p1,BCCA_0-125deg_tasmin_day_NorESM1-M_rcp85_r1i1p1,BCCA_0-125deg_tasmin_day_bcc-csm1-1_rcp26_r1i1p1,BCCA_0-125deg_tasmin_day_bcc-csm1-1_rcp45_r1i1p1,BCCA_0-125deg_tasmin_day_bcc-csm1-1_rcp60_r1i1p1,BCCA_0-125deg_tasmin_day_bcc-csm1-1_rcp85_r1i1p1,BCCA_0-125deg_tasmin_day_inmcm4_rcp45_r1i1p1,BCCA_0-125deg_tasmin_day_inmcm4_rcp85_r1i1p1
2006,7.6484814,7.176038,5.811647,6.608447,6.2862124,6.186779,7.059006,6.5016856,6.3323855,6.979972,6.0929,5.808903,5.9439836,6.22456,6.162726,5.9230123,5.277552,5.9237046,5.9334674,6.2602406,7.2703786,5.995126,7.403579,6.502215,6.5381036,6.408472,6.497804,6.315934,6.673745,6.7204623,5.653809,5.596145,5.8522577,5.929287,6.0971456,6.2202272,5.2228985,5.7817116,5.404955,5.750977,6.233415,6.373998,6.466602,5.902092,6.1193833,5.473367,5.569033,5.6607523,6.0303235,6.597191,6.5590863,6.086662,5.588289,4.9235086,5.5271745,5.075472,6.1573524,5.1898475,5.8047276,7.1667275,6.4190435,6.230111,6.662354,6.400883,6.760081,6.920558,5.8379607,5.624773,6.092088
2007,6.3864083,6.9484453,6.477093,6.230999,6.3521824,6.361222,5.076322,6.5009255,6.852617,7.21972,6.3899736,5.59315,6.39755,6.6624227,5.5832624,6.91409,7.046197,6.0314293,5.8867507,6.948499,6.215162,6.5896792,6.757891,6.43914,7.365526,6.308727,6.3336606,5.856728,5.974138,6.6910663,7.1558685,6.385339,6.6834354,5.4966793,6.4388337,6.077762,5.907785,6.468244,6.827973,6.73476,6.4602394,5.705345,6.7176557,6.1312428,6.491725,5.970408,5.7607026,6.1321387,6.948623,6.4084277,7.617059,6.622867,6.1889796,6.83894,7.783893,6.203931,6.2354627,5.637133,5.8491907,6.7552733,6.849644,6.786605,6.0362773,5.5781302,6.710827,6.8898864,7.0776386,6.8405733,7.10499
2008,6.9899535,5.92277,6.3580613,6.956155,6.234687,6.5121036,6.516924,7.698691,6.5178885,6.4429846,6.2831397,6.6851006,6.1981883,5.5834866,6.2355194,6.8791842,6.078711,7.2094193,6.6067576,6.7206745,6.369888,6.6944823,7.045434,6.2988105,6.9871087,5.984422,5.8375125,6.78304,5.9164824,5.744672,7.1368084,6.2914853,5.4996133,6.9423866,5.615585,6.57461,7.8181753,6.6345897,6.3163342,7.460221,5.7662334,6.071622,6.2542095,6.336773,6.0769277,6.0855694,6.535784,6.079699,6.2585635,6.3671885,6.966887,6.850782,6.417461,6.720895,6.6215563,6.1484113,4.9553823,5.9684877,5.994754,6.0909753,6.5783777,7.239772,6.3621197,5.4488745,6.153615,6.0151796,7.573719,5.962168,7.6536403
2009,6.089141,6.1272197,7.267147,6.9336905,6.7778597,6.0719504,7.176564,6.6733923,5.7762375,7.1336575,6.104538,5.611761,5.781248,5.7774367,6.2386727,6.948268,6.069672,6.358936,6.379648,6.5914564,6.6273727,6.9279037,6.207044,5.958329,6.8468494,6.688543,5.649439,5.861906,6.532085,6.416364,6.2095985,6.404491,6.4412694,5.8796434,7.214962,6.338028,5.952057,6.4417477,6.2555947,6.4654627,5.427592,6.500364,6.442559,6.564143,5.9648924,5.4428177,7.1440415,5.7063,6.8921194,6.661071,6.3355746,6.411715,5.054902,7.129161,5.6170635,6.178035,4.9868507,5.9921145,5.4870887,5.8984475,5.5416613,6.505344,5.63481,6.8893657,6.8436966,6.109163,6.2929735,6.004203,5.0425806
2010,5.576722,5.5674663,6.34982,5.8465095,6.540633,5.5597444,7.5947337,5.531369,5.7221627,6.278053,5.4793463,5.494471,5.4355974,6.5427184,7.7523837,7.030848,5.487525,7.0561013,6.773069,6.041837,6.6541653,6.0716677,6.292703,7.5788074,6.863737,6.2055135,5.807372,5.9074597,5.26138,7.186417,7.3684506,6.4715924,6.776794,7.68353,7.730577,7.1091785,7.0827265,5.696859,6.458183,5.8758535,6.705494,5.920657,6.8194084,6.01782,6.661217,6.2249537,7.029924,6.566662,5.947618,6.6061416,6.4750285,7.3309093,6.4505115,6.5375466,6.8006115,6.2200465,5.8020196,5.9559855,6.407335,5.923122,6.8558474,5.7714367,5.836636,5.5678697,6.5109096,6.5021725,7.042308,6.8562627,6.7791786
2011,7.3661995,6.8304124,6.2627563,6.2372346,7.0381846,6.725251,7.372967,6.351195,5.9766884,7.216574,6.078941,5.696471,6.4934154,5.7063713,6.5581875,6.43219,7.2662673,5.649034,6.5028334,7.9730935,6.7832603,7.4209657,6.9338775,6.8068013,6.9396343,6.4296455,5.9133434,5.894497,5.5927854,6.15714,6.702751,7.193952,6.571981,7.590803,6.8258724,7.227751,5.7187357,7.21045,6.1456184,6.1250625,6.550721,6.492343,6.1299167,6.3445888,6.818542,7.1348224,6.6475224,6.7618427,5.5123777,7.3807597,6.4282513,6.768591,6.9814887,6.8435698,7.101507,6.6020594,6.276341,5.584546,5.0986004,6.181069,6.169018,5.8805537,6.8112335,6.43083,6.2154813,6.491976,5.4664288,5.334493,6.0283904
2012,6.8751116,6.1949744,8.413762,6.899549,6.8987556,6.22164,6.796495,7.129724,5.757202,6.5572557,6.8091917,7.1255136,6.387052,5.794898,6.9422464,7.1056094,5.8026032,6.8309636,6.710888,6.444094,7.626016,5.8657966,6.7391615,7.460269,6.5694623,5.637373,6.0430126,5.404529,6.271646,5.8898253,6.3518014,6.057635,6.57317,6.074556,7.3463874,7.0643983,6.8612804,6.1600156,5.8495193,6.463958,6.0904655,6.6225724,6.992039,6.250695,6.171795,6.8320484,5.5659714,6.4301395,6.3657284,6.658212,6.206812,6.5058317,6.2786336,5.659032,6.977332,5.521902,6.421572,5.996754,6.4521103,6.9824476,6.7066016,5.4790807,6.6667566,7.095904,6.2597604,6.687525,6.606807,6.56908,6.469726
2013,6.664233,6.441051,7.940061,6.315799,7.765958,7.2424717,6.931962,8.01275,5.8771224,6.6153593,6.3042154,6.708055,6.5137224,6.940817,6.8056226,5.988922,5.903777,7.4222946,7.0071115,8.045191,6.647513,6.2243156,6.301879,6.48424,6.229958,6.3617945,6.616803,6.2413106,6.538182,5.8205113,6.253394,6.626897,6.5691867,6.0657306,5.712287,6.4261336,6.7499614,6.2868276,6.9512157,5.4898996,6.478613,6.991519,6.5000076,5.9197783,6.3734565,5.9068236,6.6534142,6.249732,7.3892803,6.7484202,7.553962,5.4563804,6.735436,6.416071,6.698449,6.6713934,5.8436704,6.2068114,6.2771454,6.267119,6.6551156,6.797555,6.735413,6.5524893,8.077373,6.9310107,7.112969,5.895554,6.1418996
2014,6.971609,5.9535627,7.846412,7.9452214,6.2509823,5.678232,7.353325,6.1472178,6.4609723,5.997678,5.9368396,6.9488144,6.6454763,7.3433204,6.5713835,7.257938,6.7560673,6.5978336,6.3939824,6.8657436,6.3157954,7.241887,6.75935,7.1942644,7.470214,6.43565,6.1460257,5.84173,5.6387568,5.482579,7.9058595,5.928574,6.864206,6.483235,7.3310165,6.778326,6.10712,7.1191015,6.84137,6.652822,7.28086,5.796133,6.6408234,6.198019,6.948477,6.5054355,6.884177,5.7194066,6.5915217,6.8463583,7.5822783,6.5955005,6.785128,6.6780663,6.2043233,5.5846305,5.7757263,5.9051843,6.038948,6.177111,6.4370313,5.6817923,7.3491063,7.335515,6.8797116,6.2748327,6.3883767,5.4412427,5.705038
2015,6.900235,5.1862144,6.5730357,6.055889,6.231576,6.769823,6.944225,6.446985,6.520405,5.737594,6.7251735,6.616754,6.857799,6.4691806,5.186464,6.380247,7.121596,6.4333224,7.157307,6.7772183,6.79905,6.786477,6.597676,6.7722797,6.1902056,6.595364,5.967535,6.0624723,5.7053375,6.415416,7.4219112,6.0549545,5.8961186,7.2811046,6.9745345,6.8963137,6.164491,7.3453403,6.8984575,7.0380063,6.902682,5.589685,7.164479,6.7339735,7.133301,6.803428,6.5459356,6.9621143,7.0834875,4.497013,5.905343,8.198424,6.6007895,6.7664986,5.954099,5.6012845,5.8088627,5.4452596,5.5636587,5.699479,5.3419194,5.518641,5.803271,6.712304,6.4707384,7.2784595,6.7532115,7.1344476,6.628337
2016,6.900378,6.193431,7.353538,6.176097,6.977301,7.5889015,6.8525043,7.6197944,5.9125957,6.4548297,7.0090585,5.293785,5.7724304,5.8943954,6.368642,6.7354207,6.3524623,7.8888645,5.4878545,6.552431,5.7428055,6.29862,7.164105,6.364894,6.634792,6.9957585,5.3185263,6.00658,6.655931,7.0197415,7.4427633,6.7233424,7.684811,7.6761475,7.408702,6.9724936,5.86063,6.9128513,6.1011457,5.988901,6.969019,6.010151,6.9255977,6.014274,6.1177144,6.8831496,6.541086,5.5544567,6.4981136,6.8795614,6.6683035,6.8762937,6.292884,6.625647,7.0141296,6.2757945,5.667243,6.7190485,5.2871466,6.4687862,6.50577,7.3867044,6.4336514,6.3702645,6.6980753,5.7647476,6.859173,6.6740923,5.503526
2017,6.405345,6.712653,7.6334443,6.126858,7.2735834,6.6640797,6.363085,6.2841506,6.5521545,6.602906,6.5522876,6.055228,6.7788887,6.7740254,6.375457,7.323209,6.858376,6.7987256,7.1680665,6.3099847,7.849694,6.70966,6.846277,7.314562,6.79383,6.236331,5.850852,6.1610923,7.197179,7.2960024,6.996791,6.551429,6.3529377,6.1931024,6.7567253,7.4571605,6.6715374,7.7415605,6.247296,6.432898,5.418865,7.046233,6.2748227,5.910823,6.7045813,7.5454564,6.048576,6.045371,5.7891455,5.6742716,7.1474195,7.795641,6.6613083,7.139282,5.759538,6.398474,6.139478,5.124547,5.365108,7.3753376,5.896057,6.317107,8.324013,6.2084956,7.049763,5.408747,6.5603437,6.4528933,5.506862
2018,6.042959,6.573801,6.780358,7.962118,7.174024,6.6530724,6.436784,6.540459,6.9631877,6.702115,5.9462385,7.118494,6.0529423,6.472382,6.295946,6.815225,6.9260807,7.188481,6.7415376,6.890399,7.729375,6.9092484,6.992935,6.255483,7.223564,5.7706814,6.5784254,6.010659,5.789108,7.6129923,7.134517,6.843047,7.0117,5.9040813,6.809674,6.750779,6.088624,6.890804,6.167408,6.08084,6.241398,6.6832924,7.127915,7.2366657,5.708219,7.0028706,6.350852,6.3137383,6.8488975,7.8085117,6.5555053,7.1140003,7.081547,6.4035296,6.073361,5.6487055,6.2027903,5.7738056,5.505149,7.598493,7.2031326,6.7592,6.8052945,5.883851,5.741959,7.1917663,6.4872904,6.338267,7.261149
2019,6.829313,6.176325,6.0588684,7.26481,6.600176,6.4462566,5.870231,6.612131,6.832052,5.922402,5.6591225,6.60396,6.6761117,5.987862,6.666909,7.4505134,7.169367,7.028284,7.6771836,6.8916583,7.9035606,6.448892,6.4233537,6.4192047,6.180748,6.8510447,6.362165,5.626647,6.523944,6.169989,6.269894,6.124964,6.9926744,6.614322,5.9304624,7.4129186,6.329189,6.1928315,6.934723,6.207551,7.4927144,7.319732,6.7694855,6.5059357,7.0099716,6.140275,6.722853,5.914265,7.143674,7.3551445,6.9659867,7.8827233,7.374408,6.1391087,7.155622,5.836801,5.904239,6.1726303,6.208347,6.655474,6.3867154,5.9962816,6.8090096,7.000007,6.199731,6.214644,6.4899044,6.579805,6.858255
2020,6.423354,6.624362,7.417024,5.60659,7.690096,7.4333043,7.075121,8.07232,7.4558473,6.979839,5.952558,7.154043,6.578674,6.273604,7.035257,7.376237,6.5159955,7.343964,7.0888224,6.829136,7.0076423,7.189597,6.996686,5.6182423,5.6131916,7.031373,6.1760445,6.8289027,6.2743983,7.0812025,6.8755054,6.49249,5.7943,7.1128407,7.6911893,7.6299596,6.29216,7.2247086,6.6002364,6.609077,6.668934,6.4984455,7.148524,6.087995,6.866676,6.352899,6.7458887,7.278525,5.7831826,6.074943,6.671438,7.214567,6.1151743,6.3930635,7.506482,6.07613,6.03295,6.413622,6.4009614,6.891199,6.6330733,5.499655,6.641953,6.8364453,6.6144624,5.0676837,7.0857835,5.204537,4.9964623
2021,6.6912055,4.7514052,8.4309845,7.078232,6.6323957,7.5849557,6.5865703,6.935093,6.6890035,6.473669,6.7041106,6.7167044,6.8941875,6.369611,6.4201326,7.7515182,7.290452,6.264768,7.965034,7.022589,6.337237,6.7023673,6.30496,6.069387,7.3486614,7.282153,6.762136,6.3090863,5.6898384,6.924558,6.9566402,6.965621,6.67488,7.401095,6.459336,6.0908723,7.74932,7.2260017,6.4816313,6.6238728,6.8494577,5.6923084,6.5397806,6.750383,7.17489,6.791021,6.6329374,6.5408,6.759801,7.147381,6.353484,6.154574,6.268164,7.2419353,8.012676,6.558365,6.166382,5.1288843,6.605791,5.243434,6.402333,6.826128,6.8290234,6.91921,6.810741,6.5404277,7.588019,6.3934083,6.5113554
2022,6.7851753,7.53592,7.1130204,7.0145097,6.0985246,6.4573174,6.7704873,6.041846,6.8134103,6.8650866,6.513127,5.470975,5.74125,6.4998035,6.3020697,7.4315286,6.0552945,7.7920766,7.1352563,7.0310307,7.565514,6.45853,6.414101,5.6958814,6.4276433,7.400394,5.511497,6.214949,6.202509,5.486989,7.8124957,7.2592826,6.436727,6.7719584,7.0806956,7.5247617,6.676904,7.0697665,6.9425607,6.7931786,7.8914375,6.6515627,7.0651603,6.6677957,7.0166707,7.3271637,6.3490057,5.8993855,6.663465,6.541835,6.7226315,6.4071727,6.593551,6.8967724,6.578617,5.383754,5.89055,6.040503,6.03119,7.2393126,6.74226,7.089025,6.413122,6.7118616,6.915501,6.871283,7.3193765,5.8039713,5.8130856
2023,6.6377325,7.244994,7.1488996,5.8722095,6.422663,7.0077934,7.1364427,5.599688,5.370931,7.4814343,6.619731,7.012395,7.580422,6.7697697,6.715386,6.951017,7.0029073,7.7857456,7.1474915,8.078721,6.095813,6.581815,6.398001,6.093581,6.6955724,6.104923,6.9828095,6.74324,6.335559,7.280865,7.440226,6.1154995,6.703743,7.7241993,6.7721252,6.431202,6.6807017,6.889917,6.5954347,7.163353,7.0530715,7.0543847,6.29879,6.0980334,6.7553253,7.37521,6.3601775,7.2739916,6.485947,7.042137,7.6079125,7.3264713,6.007919,5.6538124,6.918618,5.7147017,6.3700223,5.040674,6.2723923,6.9264336,6.1529136,5.876453,7.323767,7.816085,6.772063,6.5082345,7.1897635,6.001023,8.361793
2024,7.1799726,6.2649097,6.2125883,7.1304784,7.464741,6.3501215,6.5648975,7.4659686,6.9540014,6.584885,6.271991,6.1769805,7.056039,7.318912,6.0691867,7.007301,6.580183,7.209169,6.3909087,6.756899,6.968185,6.347923,7.354186,5.9134626,6.3497987,6.482508,7.113427,6.6398234,7.2362604,7.994559,7.0137367,6.856202,7.434775,6.7066073,6.935538,7.2379346,6.5352526,6.864226,7.4447603,6.8793073,7.7252045,7.5259395,7.760218,5.987155,7.4744673,7.1466236,6.8200774,6.3154807,7.026442,7.5543227,6.9270263,6.8915453,6.582029,6.364714,7.0852466,6.6900573,6.1782155,5.728404,6.7045493,8.145984,5.9481664,6.7696643,7.1959424,7.042866,6.330317,5.965255,6.802776,6.2282743,6.481242
2025,7.691986,7.08471,7.868746,7.7102327,6.967122,6.554671,7.225052,7.6985965,5.663903,7.247244,6.984358,7.049037,6.7356577,6.0521445,6.922392,7.0726666,6.7677326,6.9918566,7.3522425,7.745952,7.7771935,6.1467776,7.727138,6.5522423,7.8224454,6.068023,6.424248,7.3965864,6.858595,7.0032845,6.180057,7.207965,5.9654145,5.5268846,6.556742,6.722035,7.235038,7.554262,6.7174444,6.9746876,7.950321,6.768531,7.592969,7.573546,7.2067404,7.049904,7.1297984,6.501793,5.7145004,7.3277416,7.0581846,7.1239886,6.7454724,8.22722,7.763185,6.255417,6.7851872,6.739903,6.9331646,6.4367614,7.422676,6.416098,7.1685424,6.9584813,6.7330437,5.327163,7.526636,6.255628,6.073626
2026,7.4169097,7.3984485,8.265793,6.823771,6.5701523,5.8684163,6.630194,6.80055,7.192859,6.8967586,6.903413,7.2715755,6.7116976,7.281528,6.331665,7.2693133,7.1294007,7.1349583,6.8805885,7.406169,7.2281003,6.116766,7.187243,6.247296,6.867572,6.531185,6.690179,6.62298,6.6138783,7.0830927,7.3249087,6.832624,6.801158,7.4663634,7.311955,7.2422113,7.18591,6.5868983,7.13272,6.4504905,7.1531634,7.9756713,7.379858,6.5196333,6.9810762,7.2423425,7.254066,7.0287795,7.51561,6.274542,6.382155,7.750803,7.3992553,7.008421,7.5470996,6.7145786,6.6016183,5.729695,6.4311576,7.0760674,7.1499596,7.212413,6.6761723,6.416565,7.139178,6.444518,7.2415805,6.411789,5.41114
2027,7.7248855,7.3388453,7.2243276,7.607369,7.7168074,7.271526,7.365777,7.1549788,7.204787,5.7410154,6.44485,6.1550846,6.6995344,5.6187277,6.3022985,7.035441,7.7042093,6.90231,6.5540366,7.36453,7.526059,6.16342,6.5932326,7.1065407,6.4185314,8.03196,6.5971375,6.1283107,6.513488,7.2326665,7.4822383,7.153962,6.9804053,7.326944,6.4988317,6.2332053,7.547061,7.836728,6.7689567,7.2548933,8.153117,6.969642,7.4901533,7.212911,7.4395695,6.6813817,7.3741617,6.757832,5.767407,7.298765,6.2829037,6.658062,7.3525357,7.4314175,7.020291,5.821874,6.5379868,5.9589396,6.5663257,5.46794,6.509152,6.3618836,6.7770047,7.069435,8.748794,6.6643524,6.9342637,6.2603607,6.674183
2028,7.803071,8.445188,7.194918,7.8517017,6.946099,6.9325747,7.08279,7.4567027,7.265127,6.5440807,7.523873,7.1053553,6.499581,6.1611037,5.735726,7.4306655,6.688987,7.5804625,7.5502048,5.7450614,7.057979,6.3351326,6.6951246,6.1703286,7.372949,6.3052945,6.382785,6.078842,5.9657836,5.902714,7.0171514,5.9866014,7.01477,6.605459,7.671408,6.979668,6.1743608,7.256725,7.726285,7.4804807,7.67377,6.4693575,7.130972,7.6360645,7.2055736,6.5561004,6.7013636,7.47228,6.783102,6.775143,6.742003,7.876931,7.772441,6.0546837,6.4383674,5.581179,5.9621015,6.020164,6.117578,6.830756,6.4281597,6.218576,6.9560328,7.116908,6.897042,7.2364964,5.4799485,7.2524796,6.359457
2029,6.9762883,7.641868,7.470641,7.114656,6.7324095,6.317733,6.6302686,6.505969,7.027107,7.8509164,6.2256556,6.442791,6.538057,7.106421,7.0011272,6.3870845,7.3795204,7.426653,6.9941216,6.939146,6.941867,6.96551,6.1805773,6.1498466,6.868683,7.035725,7.2159977,7.29987,6.163933,7.137914,6.9702578,7.6053934,7.756468,7.324896,7.582843,5.943926,6.717891,7.84447,7.7088375,7.0055747,7.678859,7.3635793,6.39214,6.890689,8.4776,7.295473,6.32858,7.31081,7.6617427,6.8001084,6.287163,7.2670617,7.683256,7.121716,5.913372,6.328075,5.363115,6.451021,6.7858076,6.527987,6.5763454,6.2565203,7.8806357,6.290445,6.3250794,6.3762393,7.6636815,6.285397,5.2093534
2030,6.924019,7.8903694,7.982146,7.6441,6.7963924,8.373517,6.1244874,8.529586,7.036233,7.2179747,7.0399337,7.1180143,5.685541,7.4785266,7.4362874,7.4177365,7.790286,6.985462,6.5412836,7.7421637,7.2610736,6.466843,7.621512,7.114707,6.4086137,6.7388334,6.2243953,6.2530217,6.988822,6.8806114,7.467516,5.999917,7.342832,6.1165338,7.5135374,7.085623,7.5478215,6.9244595,7.656752,7.095342,7.77915,7.3683047,7.117026,6.878722,8.287886,7.397891,7.2695265,5.73327,7.373802,6.724116,6.344389,7.2322726,7.2487373,6.448747,7.7371264,6.2517614,6.5449424,6.082522,5.6570807,6.0611196,7.16769,6.7401056,6.44641,7.5594816,6.0593896,6.9734178,7.682012,5.3447337,6.9407964
2031,7.141165,6.337586,7.799467,6.0620527,8.138021,6.7228103,6.130597,7.9336596,5.977802,7.1175375,6.8889375,7.2851777,6.1085463,7.317973,7.356216,7.96314,7.0171833,6.5922513,8.087353,7.1876225,8.157949,6.29438,6.374297,6.6315093,7.7170177,6.421045,6.8188567,6.3275976,6.958408,8.07462,7.4621716,6.7855473,7.738944,7.1043653,8.4407215,6.7276316,7.2908926,7.473986,7.4937453,6.7372785,8.233611,7.5158024,7.276441,7.2187543,8.035627,6.684607,7.462765,6.4046626,7.46902,6.8955073,6.9563575,6.7405405,5.844974,6.926974,8.169994,6.5355043,6.2453985,6.32074,6.3920546,6.150997,7.8496156,6.742025,6.0458875,7.4732323,6.4463573,6.6380105,7.12348,5.9355745,6.36528
2032,7.023263,7.2799644,8.252681,7.8638077,7.5011234,6.9509454,7.092572,7.3124475,7.43416,7.3822427,6.982047,6.79933,6.744381,7.330036,6.9753613,7.3130617,8.111566,6.8513427,7.1263704,8.08159,9.024757,6.495843,6.637741,5.608869,7.83519,7.294817,6.7466807,5.849105,7.200154,7.808991,6.849617,7.3689027,7.5352736,5.908954,7.105515,7.8283906,7.052,7.7116756,7.1943865,6.9795523,8.182608,7.004146,7.693731,6.6487274,6.569932,6.6366763,7.478259,7.2302113,7.835198,7.129648,6.550911,7.752243,7.0480113,7.39299,7.965459,5.3686304,5.620976,5.4038076,5.6748805,7.3972597,6.8503227,7.049999,7.469816,6.588668,7.758403,6.5597095,7.002123,5.868395,6.7573056
2033,7.5439606,6.567201,7.3125844,8.163145,7.052885,7.437203,6.9367204,6.8786936,6.427063,7.104054,7.208367,6.5061135,7.3665557,5.881809,7.968592,6.8805285,7.716839,7.914514,7.761701,7.751421,8.340843,6.405286,7.8943777,6.538251,7.018359,6.793833,6.981843,6.542341,7.15967,7.5310583,7.553787,7.120276,7.5632467,7.695217,8.227304,6.719922,7.705423,7.462562,7.6521297,7.153538,7.6625195,6.6533403,8.018365,6.9413624,7.334235,6.558269,6.45465,7.15171,7.761777,6.446233,6.3970075,6.910762,6.958768,7.5697865,7.47366,6.652331,6.3370843,5.673866,6.419607,6.543894,6.8482018,7.7601466,7.3180265,7.6344204,7.6202846,6.5988426,6.832653,6.124984,7.42911
2034,7.171891,7.2377586,6.8632946,7.5697603,7.065993,6.633574,6.8108506,6.8326325,6.7248483,6.858872,5.9683957,7.0862327,7.1158757,6.622662,7.548051,7.0424895,7.499671,7.510149,7.897531,7.532278,7.4787407,6.5700135,7.3014636,6.3777494,7.1743164,6.7125244,6.5731277,6.6113214,6.2484756,7.4782805,7.7204647,6.5647745,7.429139,8.660342,7.259821,6.489419,6.568105,8.347466,6.867978,7.85523,7.681196,6.758664,6.483986,7.243972,8.621985,6.7703824,6.9826574,6.719523,7.270419,7.0774627,7.110787,7.153784,6.8137345,8.621586,8.70637,5.9993663,6.3723354,5.8153715,5.9350467,7.2818065,7.0157585,6.511121,7.003131,7.436618,6.83877,6.3056545,7.3841014,5.834719,6.4892087
2035,6.3118124,6.74062,7.5099716,7.3560786,7.6354003,6.0703006,8.066836,7.163968,6.3468537,7.2916512,6.71809,6.3999467,7.3725595,6.3908734,7.214859,7.9411936,7.655428,8.282663,7.0613456,8.103522,7.366402,6.4504538,7.0550942,7.2918477,7.3674397,6.61103,6.837657,7.4022965,7.260833,6.9855194,7.327486,6.9753914,7.835564,6.568299,7.141628,6.189799,7.3300734,7.1643057,7.7818675,7.1330004,8.698835,7.1068764,7.9855833,6.8297935,7.9756265,6.133896,6.225278,7.417887,7.4967003,6.6235094,6.945502,7.4058113,6.6505594,8.282631,7.9054585,6.700232,6.837099,6.368703,6.5204396,7.4728804,7.725241,6.510278,7.873265,7.3818064,6.8985367,7.9680305,7.466928,6.9905734,6.576929
2036,8.550095,8.096112,8.343197,8.056963,7.3766327,7.9498134,6.2877073,8.1738615,7.538078,7.1490474,6.886369,7.0214562,6.9341826,7.7921124,7.457918,7.21874,7.841122,7.542463,6.731603,6.5251856,7.50243,6.1631436,6.3458405,7.546134,7.243255,6.4252267,6.5062737,7.087974,5.7354136,7.197664,7.950811,7.446953,7.509619,7.228639,8.048756,6.2216153,7.2824116,7.4827504,7.5879674,6.8950286,7.3324566,7.5823255,8.062333,8.378749,8.270515,7.65735,7.108938,6.636754,7.140057,6.8842463,6.6233473,8.817412,7.357106,7.382567,7.260126,6.7975883,5.592827,7.18238,6.501799,6.6770906,7.7143826,8.208889,6.8244123,7.128559,7.392843,6.869925,7.8689804,6.432409,6.5061145
2037,6.9836307,7.042935,7.6900463,7.665146,6.586347,7.444339,6.3413396,7.0742683,7.0755706,7.1694307,6.957852,7.068026,7.7208066,7.469855,6.4058022,7.5887194,7.3029737,6.9795504,7.2671714,7.406433,7.4698358,6.3998322,6.833097,6.544357,7.517922,7.2195287,6.879452,6.631806,7.497126,6.6408186,8.125914,6.6083264,8.202739,7.876039,6.9134865,7.492071,8.169997,8.38501,7.858445,6.7345943,7.835074,7.8871846,7.8882236,8.323109,8.3159485,6.7854095,6.6113725,6.480408,7.551142,7.0233235,6.473262,8.252815,7.645799,7.3074102,7.165179,6.605888,5.7214103,7.1890116,6.6242547,7.0613046,6.356737,7.083045,7.854357,7.1522107,7.7674823,6.0149965,7.1356378,6.2665243,6.4624767
2038,4.8842907,7.1581144,7.533216,8.010754,7.665709,7.064291,6.9098196,8.552525,7.194028,7.506554,7.2986016,7.078134,5.930902,7.0800843,7.1865916,8.155189,7.256797,8.308435,9.719006,7.7531404,7.2291837,6.355001,6.94893,6.4277186,6.6209908,6.3530607,5.8461533,6.5632863,7.652684,7.142668,7.2716637,7.098873,7.980545,7.401657,8.223946,6.318501,8.02976,7.57543,7.978538,7.153721,8.345937,7.173064,8.037035,7.2884455,8.287016,6.6081963,6.6286077,6.0082226,7.0996675,7.1293273,8.673721,8.095256,6.8617644,7.1808968,7.9324713,7.6821766,6.2539434,6.0528274,6.679687,7.605308,7.6284103,6.5376062,6.728557,7.472727,7.042482,7.225306,7.794678,6.824783,6.610416
2039,7.473098,6.9223766,8.15725,7.02329,6.803451,7.3920712,7.221633,8.879408,8.122206,7.083293,7.531991,7.2873397,6.478735,7.335706,6.98365,7.9099555,8.211823,7.8789396,7.8902087,7.226595,7.3426194,6.9398203,6.4991193,7.3471665,7.3521595,7.2348285,7.652441,6.5320296,6.4281254,8.779654,7.625337,7.610007,7.526103,6.8940225,8.729852,7.4202547,8.033307,7.9440665,7.22102,6.7356224,7.779772,7.1618743,8.802286,6.77563,8.0300045,6.6574273,7.0430655,6.4641886,7.2036138,7.2517233,7.161307,8.546338,6.3949995,6.880094,7.8186793,5.802178,6.3627396,6.8669133,7.5513487,5.982946,7.4000173,7.9154544,6.7163777,7.782742,7.1921306,8.021167,7.2783747,6.884552,7.0654287
2040,7.349723,7.772876,8.966133,6.672644,6.546517,8.418272,6.8699045,7.463933,7.0968566,7.8308196,6.820091,7.2296567,7.2301993,7.889434,7.814594,7.6440396,8.142222,8.462382,7.912287,8.584199,8.282292,6.801425,7.286634,6.9508243,6.5029073,7.3445687,7.4797573,6.942688,6.457605,7.6989303,7.83561,7.1618013,8.3726635,7.7143345,8.445866,6.8411126,7.846095,7.881861,7.5642247,7.3479614,7.552506,7.77474,7.1323075,7.158358,7.9761224,7.850217,7.738836,6.9313364,7.339683,7.0887365,7.6159267,7.7175508,7.3999114,6.729899,7.2963495,6.2008305,6.401798,5.742189,7.289646,6.9868355,7.5545974,7.528529,8.5462675,6.478429,6.9902635,7.775751,6.484695,6.2309413,7.386988
2041,7.9957733,7.5125265,8.858039,7.249341,8.59329,6.9985123,6.8034296,8.243459,7.2722197,7.5416846,7.0470424,6.694801,8.687122,6.688809,7.324833,7.485796,8.148866,7.6116786,7.7040057,6.419979,8.198628,7.8625655,7.236105,6.7696486,8.001244,6.455849,7.278056,6.89188,6.2805934,8.108615,7.9290667,7.4978533,8.865294,7.972114,7.7746577,7.267171,7.2736864,8.336494,8.464577,7.4262996,7.510519,7.360457,7.182377,8.121431,8.319615,7.740119,6.884326,7.363304,8.365914,6.2387424,7.8400297,7.867401,7.5195146,7.1990466,7.450687,6.512998,7.627965,5.203231,7.131578,6.313114,7.6067514,7.371423,7.8873787,7.223554,7.5322733,6.7923036,6.9494786,6.4265046,5.9464293
2042,6.3446198,7.634816,7.3442264,8.240071,7.280843,7.9122,6.979971,7.77055,7.548566,8.117733,7.1633744,7.9198837,7.3292556,7.8648896,7.6153083,8.145739,7.901771,6.949774,7.907203,7.190201,8.238548,7.3116946,6.4155903,6.9554477,7.272525,6.9149494,6.8364725,6.361001,7.3282237,6.6502395,7.0423737,7.33167,7.9317207,7.3844037,7.490161,6.763431,8.25827,7.9629173,8.527336,7.1626,8.014869,7.611376,7.884062,7.401611,8.141597,7.124614,8.061805,7.0698857,7.68162,7.6899395,7.8800893,8.230177,6.4403377,6.437596,7.5726776,5.8455596,6.2780037,5.900524,7.719874,7.205345,6.618441,6.344842,7.9547706,6.304144,7.5612473,8.259904,7.531453,6.561005,6.112484
2043,6.170556,7.844954,9.412979,8.669296,6.270777,7.8455095,7.8322773,8.269523,6.612694,8.08224,7.110382,8.289394,7.0768948,7.060323,6.811935,6.971109,7.6416397,8.492435,8.082244,7.919977,7.946258,6.3829455,6.291699,6.9778805,7.8999352,6.6398635,7.7421966,6.59592,6.65141,8.744013,8.638993,8.0745125,8.863436,7.660501,8.043753,7.440885,7.6167374,8.079496,7.308909,7.611008,7.710281,7.9855165,7.340572,7.511188,8.052441,8.544994,6.9126782,7.3484235,7.675562,7.6701837,7.7245755,6.8937416,5.964862,6.906525,8.656128,6.619625,7.367245,6.55084,7.1887674,7.3525424,6.70957,6.4237704,8.330501,7.261747,6.194278,7.403575,8.182178,6.601038,5.9773726
2044,7.1933203,7.9301553,7.622612,7.477331,6.8336935,8.481514,6.9951043,7.267894,6.8451824,8.261404,7.3072696,7.702746,6.6661744,8.141418,6.7790136,7.349772,7.8213334,8.354323,7.7344594,7.3377285,7.9041085,6.7666125,7.2259603,6.4118166,7.5986295,7.2994804,6.9524083,7.2479753,6.9238253,6.5665083,7.561112,8.184225,8.970595,7.2548633,6.828773,7.8359966,7.421702,7.905514,7.7416515,7.495731,9.509757,8.152936,7.1760626,7.2612767,8.393345,7.379113,6.663344,7.278174,7.693661,6.615945,6.6853466,8.318847,6.4413013,8.856295,7.1027966,6.1407356,7.03535,5.5424376,7.1575656,6.84425,6.658394,6.877897,7.69054,6.3607306,7.0606017,6.423604,7.4533157,6.90699,6.8040876
2045,8.414751,8.358142,8.024938,7.5714483,7.9235673,7.1858253,6.5738997,7.8921084,8.585311,8.35157,7.952771,7.272104,7.746488,6.9004045,7.7406783,8.5116205,8.486986,8.254198,6.9383707,8.2415905,8.234103,7.066379,7.2217546,7.2200007,7.024178,6.6315246,6.080883,6.848162,6.184409,7.8231616,7.1520214,7.7833643,8.133278,7.435586,7.6519203,7.7228928,7.896995,7.581528,8.439767,8.0825205,8.848726,8.047434,7.731626,7.979608,7.9873385,8.010772,7.853606,7.6566267,7.927039,7.6717296,8.198705,7.967181,6.8940554,7.2512183,7.834304,6.6230674,6.2236805,6.70479,7.35884,6.48372,6.373626,7.084965,7.088645,7.066247,7.63632,6.7052655,8.778818,5.769478,6.921522
2046,7.1863585,8.096256,7.664633,9.245452,7.24207,7.9318786,6.4014177,7.424177,8.1614895,7.09181,7.8077383,7.758115,7.3439145,7.5381265,8.071914,6.8813915,8.47267,8.259149,8.762901,7.70074,8.946392,5.9362454,8.351395,7.8601336,7.5382915,6.1553826,6.664922,7.0676155,7.7367296,6.74955,7.3430586,9.113286,8.25646,6.4693494,7.058793,6.5389504,7.8275647,8.016925,7.9556317,8.164471,9.07109,7.4916964,8.553611,8.985572,7.722518,6.5209475,7.622,7.3034124,7.7492447,6.8256054,7.2334905,6.920033,6.4350863,7.3093796,6.4965024,7.190503,6.366558,6.4066496,7.0070004,7.5267177,9.479188,7.3232555,8.047193,8.03579,7.0112586,6.211405,8.127958,6.145737,6.7118187
2047,6.2727323,8.8187275,7.7839713,9.134066,7.267287,7.6604548,6.9648967,8.480357,7.197927,8.819737,6.959453,7.682117,6.4471474,7.5335507,7.6197405,7.6555324,7.31668,7.7850904,8.312388,7.897528,7.8116245,6.748054,7.1319413,7.2389665,7.6236544,6.184824,6.830166,6.834731,7.8165274,7.166293,7.859637,7.3813314,7.7299356,7.43514,7.0731955,7.035387,8.6442585,7.6538095,8.4688225,8.21755,8.720591,7.748893,7.7128944,7.617652,8.066035,7.8931804,7.873655,6.657187,8.524558,7.0051594,6.4265175,8.379806,8.072111,8.991171,7.9511714,6.031341,6.8205,5.968997,6.972269,7.1703753,7.0238047,6.5100436,6.8844023,8.047176,7.248126,7.185302,8.269431,6.655231,7.244638
2048,7.880415,7.9088016,7.2553873,7.662972,8.431774,6.9243917,6.2910194,8.611433,7.2938685,8.150327,7.473379,8.3572,7.2877755,8.372283,8.344892,7.924881,8.048083,8.156926,7.0104613,7.0447717,7.958281,7.442274,7.258152,6.940269,7.097099,6.338733,7.500421,7.353535,6.470327,7.281904,7.836297,8.133775,8.306771,8.413463,7.4153085,6.6839976,8.273461,7.0835094,7.7633824,7.736029,8.933419,7.1267657,8.001572,7.1856413,9.519207,6.7952576,6.93476,7.836743,8.20737,7.393126,7.2441487,8.549308,7.3993673,7.798166,8.179375,6.127146,6.0165534,6.780418,7.1952763,6.974892,7.9843884,6.6831136,8.29848,6.1412363,6.8687634,8.076721,7.375809,6.4572377,6.9612517
2049,7.12453,8.863354,8.807722,8.707768,7.1678042,7.823918,7.7608147,7.6448026,7.712747,8.546904,6.682612,8.818192,6.9827285,8.600955,7.1548743,7.2645993,8.133968,8.663179,8.04361,8.20995,8.287705,6.685771,7.432226,7.183345,7.3410716,7.8372602,6.7239075,6.308762,6.775671,8.763595,7.6584415,6.639738,8.880281,8.062693,7.1180325,7.5382156,7.3464584,7.772472,8.819088,7.9513116,9.27581,8.661822,8.178005,8.349667,8.3473015,7.650405,7.2692013,7.2388625,8.108753,6.980099,6.973787,8.132785,7.863571,7.607346,6.563843,5.7238154,6.1688643,6.8574715,6.750876,7.340142,7.1377535,6.501207,8.236983,6.394906,6.904112,7.848549,8.330189,7.2582903,6.521905
2050,7.378853,7.8377147,7.579099,8.962257,7.089897,8.062312,8.209605,8.176342,7.20929,8.024379,7.535781,7.517148,6.8933554,7.3989964,8.405764,7.4481463,7.648862,8.398924,7.7586465,7.499254,8.508019,7.293527,6.533918,7.422881,9.018182,6.6348867,7.1576242,6.743546,7.5229807,7.456707,7.216789,6.2252145,8.708572,7.8713512,8.289802,7.130456,7.9271827,7.481275,8.595817,7.7919273,9.596854,6.6424985,8.239835,6.732954,9.282398,7.306787,7.3235354,7.0671935,8.84631,7.510151,7.179731,7.767482,7.4024405,7.504702,8.401909,5.947923,6.6053863,7.0120535,7.198696,6.290485,6.725529,8.512861,8.898527,6.1312876,7.5785775,7.4091306,8.693272,6.493442,6.822194
2051,7.3001885,8.193879,7.7636943,7.779371,6.8972893,7.99459,6.720785,7.7012043,7.38977,8.225967,7.498599,7.977242,7.994462,7.857236,7.6853642,7.9155054,7.1572113,8.579449,8.624416,7.341589,9.595217,6.24799,7.235208,7.340005,7.9425817,6.8884187,6.5562363,7.2306867,7.676739,7.0743957,8.774941,7.275276,8.181584,6.93189,7.426967,7.0706625,8.147851,8.2268,8.000419,7.7346225,8.699898,7.1315956,8.506656,8.363216,8.872391,7.287762,7.636108,7.1810403,8.586727,5.576428,6.4906015,7.7941103,8.986978,7.6914563,9.497149,5.768924,7.3937,6.244529,5.9690185,6.893467,7.8789797,7.2274017,7.964837,6.8023424,7.4857783,7.9253993,7.606445,6.93495,5.764414
2052,8.268404,8.649443,8.538354,8.461527,7.653227,7.1068773,7.4393086,8.498354,8.452171,7.7873178,7.401121,7.3206735,6.545157,8.407939,7.3136306,7.766385,7.5621605,8.516586,8.018882,7.6901083,8.920919,5.7649736,6.7934093,7.65488,8.5054655,6.59451,7.0795493,6.436426,7.4584856,6.6378555,8.073611,7.6840596,8.9247265,6.8659725,7.8013716,6.1156125,7.237351,8.158275,7.7974396,7.8758707,9.256911,7.477199,7.597808,7.2698183,9.108178,6.748108,7.9754767,6.998284,7.4982543,6.5705967,6.60108,7.903928,7.5199876,7.599759,8.815457,5.96449,7.314891,7.120317,7.4885774,6.6592603,5.7272434,6.7333283,7.853411,7.5730233,8.262013,6.9275827,7.5772376,7.0626135,6.5324693
2053,7.9768915,7.8190193,7.785923,8.854563,7.3954005,8.749882,7.405135,8.517316,7.3109303,7.6197295,6.557047,7.696887,6.829292,7.506419,7.459804,7.696875,7.4983234,8.226724,7.839281,7.844017,8.953129,7.6686015,7.2897234,7.372162,7.6506643,6.159034,7.30459,6.9787693,8.205024,7.61821,8.097033,8.2733755,8.614395,7.2780967,7.9573317,7.6727147,8.778926,7.805706,8.184555,7.315116,8.78502,8.397925,8.176361,7.577718,8.905778,7.268441,7.7863746,8.381442,8.49948,6.588997,7.237953,9.177619,6.6206717,8.730341,8.011287,7.4770265,6.2599807,6.629031,7.707731,6.7678547,7.1841817,5.975304,7.9064317,8.066762,6.5444193,8.249742,9.000159,5.359628,8.007077
2054,7.4073486,8.878906,9.464609,8.421958,6.8370123,7.86655,7.5970087,9.8448715,7.869052,7.9993243,8.102164,8.142003,6.80238,7.8847146,8.723237,8.341425,7.5469437,9.464129,6.913203,7.811582,9.29455,7.181331,7.2143126,6.928733,7.358988,6.150886,7.4662747,7.929967,8.328795,7.5636616,8.448176,7.4112077,8.60282,8.0821705,7.731039,6.6019793,8.753494,7.4940014,8.939594,7.944283,8.646039,8.488365,8.666401,8.444116,8.767843,7.806017,8.574071,6.7435703,8.727959,6.7886524,7.126485,7.0891194,7.220119,7.560427,7.4830527,6.6337914,6.432825,6.8134646,7.5194445,6.629829,8.192343,6.838951,8.198961,6.9006352,8.043869,8.190118,8.432641,6.3984184,7.4597144
2055,7.8078623,8.490444,7.272707,8.743488,6.591234,7.47016,8.081866,8.162351,7.8739996,8.411991,6.5827184,7.8629026,7.271121,8.510381,7.276358,8.162133,8.087578,8.758375,7.555052,8.192359,8.917455,7.0213237,7.860207,6.7588,7.849444,6.5482593,7.133215,7.247738,7.5331545,7.9977427,7.0073104,7.6690598,8.384629,7.30331,7.5517597,6.6682453,9.417882,7.8120437,8.628611,8.251409,9.681414,8.371823,7.43894,8.076922,9.042018,7.52658,9.011912,7.1598706,8.722465,7.098612,7.8619657,8.473861,6.9651084,8.150338,8.290465,6.885601,7.6408534,6.7300005,7.1754413,8.400966,7.1485605,7.532416,8.674536,6.282108,7.121337,7.6504345,8.1204815,6.8598437,7.528826
2056,8.019577,9.304048,8.460804,9.726525,6.7388134,8.046735,7.747574,8.544194,7.397445,8.603956,7.364844,8.442806,7.976307,8.156607,8.241072,8.036545,8.50477,8.637361,7.4363723,7.7672763,9.242628,6.8556614,8.322477,7.3028297,8.277315,6.053296,6.9581056,5.66059,7.474598,6.2737174,8.164689,7.8679695,9.365316,7.366606,8.230441,7.6522384,9.928406,7.554329,7.9085407,7.831306,9.722923,7.6395173,7.356239,7.604785,9.189775,7.609475,8.068085,6.490635,7.674809,7.661941,7.8984475,8.476892,6.6508164,8.246136,8.476193,5.889697,6.963585,5.9531436,8.001997,7.527124,7.2681193,7.579159,8.617485,7.084602,8.058759,7.3689747,7.3497825,6.4088845,7.5182023
2057,8.189103,8.480383,8.572462,8.300694,7.1055713,7.8286395,7.0568967,8.04959,7.3192363,8.506359,7.8839993,7.482578,7.400195,7.7032366,7.676697,7.998878,8.818649,9.067461,8.4175005,7.835014,9.842229,6.3597107,6.717322,7.6431184,6.653792,7.2730465,7.919813,8.493162,7.8308144,7.5846815,8.660341,8.019712,8.566833,7.670859,8.792031,8.002274,8.806222,7.8676953,8.844494,8.212676,9.891108,7.468068,7.8231325,8.038325,8.738295,6.878118,7.865647,6.2152433,8.680511,7.8907676,6.883795,8.66753,7.4260902,6.9555645,8.114207,6.5492945,7.3327847,6.7830286,6.875751,6.5620613,7.5426135,7.50917,7.9189887,7.327515,8.326268,8.586247,7.748391,6.4543056,8.016506
2058,7.4704714,8.998608,8.047179,8.382802,7.7046156,8.094873,7.472771,9.327147,7.0276194,8.317417,6.9906282,9.605242,7.3850865,7.8795276,8.7056265,7.740635,8.70014,8.832528,8.14588,7.8546658,9.518298,5.753894,7.321586,6.5171394,8.168583,6.580442,7.536907,6.994364,7.397378,7.0021358,7.932325,8.360105,8.402376,7.9119406,7.330635,8.322388,9.28772,8.038994,8.437324,8.062442,7.908156,7.6909156,8.345916,8.698961,9.211279,6.8763156,7.719547,6.6874604,8.53399,8.169999,7.882775,8.373192,6.7324333,9.053155,8.689436,7.0606723,6.8584437,7.272301,7.6353574,7.78384,6.606416,6.5946007,7.779419,7.0341663,8.194728,6.666666,9.242632,6.9069176,6.9360533
2059,8.355862,10.073172,8.242992,8.724245,7.1061206,7.569301,6.5411515,9.023405,9.119644,8.719809,8.109324,8.138235,7.57331,8.2939005,8.006448,7.9269466,8.305824,9.067557,8.653443,8.602188,9.276634,5.851877,7.2682605,8.258888,8.687948,7.073267,6.5249963,6.6093335,8.015955,7.4379635,7.567467,7.7067347,8.1377945,8.685713,8.172394,8.088478,8.256107,7.9985695,8.421722,8.152779,9.094142,8.018442,7.9580765,9.023796,10.0742445,6.8617325,7.710169,6.998743,8.696875,6.2359047,6.708254,9.519631,7.0179825,8.880174,9.086483,6.2894545,6.168619,6.8384237,8.19531,7.4713354,6.9703674,6.4158483,8.535776,7.945601,8.35992,8.23007,8.869717,6.74505,7.894345
2060,8.4293,8.555041,9.270108,9.173089,6.4121094,8.352208,8.333808,8.263702,8.712653,8.817091,7.826974,8.065987,7.3168335,8.029989,8.767286,8.934828,7.821607,9.833141,7.432583,8.032897,9.834813,6.509975,7.406002,7.4374647,8.38835,6.477178,6.11215,6.7370596,7.858497,6.3839135,8.18174,7.3738046,8.49202,7.7482905,8.551963,7.4938617,9.1395235,7.0697293,8.189072,7.2760453,9.696993,8.6303215,8.11688,7.3241653,9.825581,8.004302,8.0922,7.514422,9.25471,7.2490473,6.64753,9.470007,6.148143,5.877695,8.124366,6.3564806,7.4972878,6.6774464,7.642472,6.8350577,8.091538,7.7279778,7.9589,7.5343757,8.107386,7.2409377,7.732694,7.163948,6.9998016
2061,7.996023,8.195147,9.345778,9.246502,5.8160343,8.222808,7.6601624,9.107297,8.558753,8.689185,8.183804,8.98623,7.2196417,8.231245,8.577265,7.634994,8.328579,9.145618,7.951195,8.650328,7.906354,6.4351554,7.9193335,6.9470506,7.7914653,7.287376,6.3684483,6.764611,8.417628,7.864507,7.739823,7.306478,8.334066,6.67856,8.124529,7.891185,9.2563505,7.8350315,8.817416,8.472851,9.992381,7.85447,8.384159,7.941322,10.3972,7.8836985,7.469443,7.322322,8.435718,6.0813828,7.987927,8.664255,6.179358,8.780657,9.409199,6.73919,7.2511377,5.820985,8.083827,8.030281,8.567916,6.526371,8.010156,7.7192388,8.354573,8.313891,7.991134,7.3035674,8.172507
2062,8.306456,9.238449,8.858727,9.441855,7.084622,7.167575,7.273627,8.935668,7.347941,8.571209,7.830792,8.358357,6.7793427,8.290171,8.885396,8.037502,8.32776,8.9792795,7.262611,7.710172,8.599936,6.9239345,7.3266816,7.7075257,8.86948,6.302062,7.029599,6.0674987,6.6156697,7.578637,8.61359,6.734338,8.784984,8.171193,9.043974,8.038779,9.575995,8.365615,9.263008,8.571883,9.332147,7.680988,9.299866,8.263617,9.513306,7.674358,7.982198,7.7745914,9.08225,6.526619,8.240286,8.749618,7.015545,7.4185824,8.385831,6.3436017,6.996678,6.6612115,8.12378,6.4887877,7.7259245,7.4240546,9.775189,6.7832932,8.102211,8.258288,8.299366,6.3342667,7.8845243
2063,7.9421945,8.490321,9.131381,8.60814,7.3296356,8.762216,6.6539645,8.418991,8.367278,8.604178,7.342128,8.6034565,7.1452155,7.879626,8.792264,7.62133,8.605313,8.7242565,8.479564,7.958633,9.897473,6.9024115,7.6540923,6.5719767,8.919245,6.869309,6.8957562,6.303516,8.480136,7.368696,8.617278,6.9128,9.072982,7.541986,7.555877,6.956266,10.1381235,7.467971,8.820373,8.971862,8.947841,7.6733227,9.235971,8.323335,9.640458,6.9381223,7.9730263,7.4374623,9.466371,6.730002,6.3925476,7.8372135,7.7737846,6.926593,8.50595,6.5148063,5.995019,6.122784,7.555418,6.9411488,8.161645,7.358445,8.816176,8.121777,7.8863764,8.398212,8.747899,7.1615276,7.8520555
2064,8.706429,8.402072,7.108653,8.981355,7.157644,8.013331,7.3274655,9.277219,7.1009507,8.026149,7.8931684,8.930805,7.3660603,8.258637,9.967258,7.9982305,8.104587,9.623327,7.958912,8.528196,10.151416,4.8335032,6.8424554,7.932781,9.150016,6.9770627,7.958203,6.865742,7.623008,7.2482224,8.701865,8.566057,9.496781,6.7809362,7.973344,7.3158474,9.064307,7.817421,8.51559,8.935824,10.01929,7.9281535,8.564251,8.536565,9.346034,6.708212,7.9200974,7.5531387,9.827396,6.509183,8.088732,9.055844,6.904736,9.363071,8.884821,7.374666,6.922416,6.0816765,7.1297164,7.529332,6.869188,7.4953985,8.85139,7.5352273,8.233987,8.280638,8.290491,6.376121,8.776447
2065,9.425614,8.871049,9.163989,9.400978,7.6182275,7.397836,7.779075,9.250952,7.8011985,8.011428,8.045752,8.912502,8.457455,7.423173,7.9034667,7.46343,8.362899,9.752398,8.401806,7.7506204,10.083691,5.8905797,7.4001765,5.956083,8.640339,7.0661044,7.175386,6.7527113,8.518205,8.576529,7.792043,8.347757,9.549893,8.619074,7.615612,7.629752,9.27494,8.491859,8.864991,8.937132,10.318715,7.993127,8.232897,8.436198,9.220975,7.6012707,7.9107537,7.405674,8.442645,5.9391847,7.624941,9.571954,7.533572,8.16804,10.141766,7.0073123,6.832324,7.3011627,6.898801,6.922374,8.782975,6.9575753,8.257885,7.229101,7.4637027,7.767971,8.993631,6.6718946,8.605027
2066,8.314279,10.22983,8.458997,9.189708,7.1734405,7.8893094,7.62759,9.128449,8.066751,8.513889,7.753626,8.141852,8.4283695,8.803432,8.351151,7.547048,8.554847,10.699538,7.450139,8.418755,11.075972,6.2506256,7.1019616,8.2765,7.536538,6.5525393,6.6058073,7.522094,8.76202,7.9777837,7.6509557,8.090506,9.379195,6.7959347,7.866466,7.427483,9.186081,7.699876,8.8718815,8.386519,9.194824,8.09129,8.272514,8.446962,9.684556,7.2747626,7.611992,7.5371246,8.8419075,7.1312532,7.5677304,9.207568,5.8733335,8.23718,10.007949,6.4470935,6.7498965,6.642399,7.2305694,7.7421894,8.397661,6.877869,9.487179,5.9232397,7.5516105,5.888505,9.250159,6.850796,8.719501
2067,8.869862,9.418816,9.271705,9.14277,7.4764037,7.9647017,7.234404,9.711072,7.8206706,9.00022,6.9636617,8.03914,7.105479,8.06204,9.662441,6.8947005,8.089932,8.969927,7.8984985,8.684872,10.777206,6.3418264,6.9742823,6.9114594,9.152757,5.69386,7.1440387,6.6712914,7.576851,6.440354,7.56628,7.871264,9.36184,8.477702,8.191939,8.386844,10.498857,8.132851,8.631118,7.63693,9.562395,8.1751,9.247347,7.9067316,9.5432,7.994365,8.154222,8.098321,8.494255,5.19204,8.062784,9.607434,7.7719097,6.3711915,8.31524,7.0601406,6.361498,7.363641,6.7999263,6.69981,8.103447,7.67143,8.504635,6.794367,7.5425286,6.9574437,9.242624,7.367043,7.5500355
2068,8.153203,9.892374,8.206245,10.181474,6.6085215,7.823707,6.962933,9.31111,8.342465,8.558715,7.329912,8.999417,7.862379,7.836339,8.387595,8.161166,7.9620876,9.284389,8.197224,8.250473,10.130202,7.59521,7.1928444,7.363257,8.874824,7.3162365,7.0181804,7.246168,8.695161,6.996733,7.754395,8.23421,9.419357,7.722346,8.5615225,8.203353,9.1838875,8.283193,9.164032,8.207796,9.732117,7.890361,8.340667,8.194377,9.894596,7.3829756,8.358376,8.344407,9.490097,7.1921444,7.4649086,8.877145,7.4689236,7.297486,9.914158,7.2155433,6.675917,8.105894,8.348606,6.959105,8.555924,8.391277,8.251002,7.676145,6.845821,5.7008476,8.057603,6.010268,8.177217
2069,8.543351,8.6792,8.471945,10.5281315,6.672187,7.6463633,8.104752,8.655652,7.119174,8.190665,6.4318743,8.17743,7.209935,8.250586,9.852932,7.8525715,8.664971,10.106766,8.281079,8.131542,10.083507,6.441667,7.537732,7.1494,8.382928,5.867986,8.055394,8.023452,8.225103,6.180908,9.077092,7.909576,9.578372,7.7443366,8.718045,7.89681,9.686461,7.1878223,8.8726225,8.682852,9.812992,8.3659725,8.882603,8.979846,9.905458,7.3566847,8.446404,7.704035,9.028025,7.074109,8.412159,9.58535,7.561122,8.608365,9.735588,6.1550884,7.213242,7.402274,7.3876038,6.2710347,7.3304124,8.217845,9.3386,7.2916474,7.8012266,5.5508866,9.347943,7.395127,9.373096
2070,7.8124037,9.4562845,8.2284,9.54919,6.3188205,7.715229,8.397516,8.707074,7.8022995,8.542843,7.67314,9.597134,6.5898356,8.737298,9.031176,7.748964,8.787332,9.533292,7.79529,9.08598,10.471285,6.6227565,7.4878993,7.4796557,8.114523,7.6378336,6.9510665,7.880779,7.8357663,6.9300084,7.874982,8.134185,10.0050335,7.0405264,9.056238,7.3427587,9.959242,7.29335,9.337702,8.790236,10.365037,7.5403013,8.263856,8.661937,9.709429,7.499031,8.115417,7.948302,9.63331,6.4932876,6.196583,9.0672865,6.0425935,7.88264,9.913777,6.4342294,6.8824234,6.943426,8.332369,6.6563945,7.6175327,6.4889646,9.862157,6.325904,7.26533,6.715328,8.890592,7.117856,7.437539
2071,7.9216533,8.965013,9.096614,9.40671,7.3073316,7.731918,7.25818,8.96657,8.480699,8.995744,7.7147107,9.151027,7.2843432,7.3693237,9.227135,8.019086,8.7258005,10.316344,9.132924,9.2412195,9.654304,7.177235,7.743129,7.9881034,8.712408,5.855729,6.8361087,7.854737,8.068684,5.5394173,8.800885,8.7975025,9.716811,7.012652,8.683452,7.7189264,9.817416,6.7960258,8.147441,8.745556,10.1126,7.0074453,9.471495,9.018907,10.327566,7.2269473,8.43782,7.5918155,8.949294,6.8382764,7.8959546,9.445958,7.3296003,7.825078,9.505703,7.0061474,6.3654776,7.1113,7.866156,7.435845,7.0401173,8.171918,9.150634,6.076922,8.183223,5.6413736,9.189047,6.758906,7.295478
2072,8.524978,9.190728,7.4167304,9.53792,6.9239554,7.9208426,7.3766894,9.827853,7.4455285,9.169947,8.175299,8.288786,7.1469083,8.582164,9.0877905,8.357296,8.315942,9.314522,8.298069,9.0258875,10.139109,5.8380737,7.2676272,6.42036,7.870468,7.1782794,7.3599877,7.6551805,9.355929,7.5428457,8.532749,8.35624,10.012886,7.802788,7.098466,8.509909,9.923194,7.8276715,8.253569,9.393492,10.204105,8.506331,8.985537,8.901424,10.090866,7.2719455,6.7954874,8.027221,9.804276,6.831975,7.5743594,10.4681835,8.000058,8.627325,9.779836,6.362175,6.4260654,7.4727583,7.908468,6.6854544,7.5292635,8.512748,8.481661,6.7537017,8.111358,6.260759,8.455078,6.858491,8.65546
2073,7.6190186,9.780014,9.295508,10.31333,7.6314917,7.8586273,8.156759,9.180322,7.2400923,8.419895,8.166662,8.573505,6.8398433,9.035711,9.4654665,7.461907,9.275584,10.362391,7.3440614,8.721073,9.8361,7.045178,7.450403,8.07779,9.436233,7.015947,7.3966794,7.2685924,8.291191,7.267624,9.052252,8.342448,11.519054,7.809124,8.264034,7.74777,10.403227,8.425288,8.608799,8.9835615,10.456169,8.4993,9.275133,8.732141,10.308423,7.7813053,7.939452,8.015368,8.904723,6.7163997,6.886134,10.010658,7.580774,7.7163587,10.299857,6.7591968,6.4933066,7.1167116,8.053367,6.584846,7.7508216,7.873933,8.965374,6.358205,7.576255,5.900003,8.761748,6.748847,9.006328
2074,7.5846367,10.028417,8.942237,10.414305,7.1250215,7.143186,8.442118,10.010707,8.00872,8.847373,7.9586945,8.642462,7.2381697,8.440427,8.880653,8.016874,8.6080675,10.527073,8.009909,8.694315,11.140494,7.609458,7.3123775,7.628169,8.45222,6.511266,7.046107,7.9879375,8.985784,8.194743,8.3787155,8.073836,10.168548,7.264264,7.5119705,7.876396,10.385164,8.004785,8.784593,9.746286,10.417222,8.276535,9.079075,9.359897,9.969205,7.513398,7.4883895,8.51248,9.798484,6.1312766,6.9868274,8.932971,6.0679135,7.471145,9.90441,5.710661,7.174268,7.182693,7.8705316,7.972778,7.3104453,7.7293296,8.897609,6.601712,8.257717,6.1170607,9.573372,7.1058726,9.164318
2075,7.5925303,10.524791,8.48123,10.406139,6.546868,6.9489675,7.8698573,9.443229,7.557995,8.618705,7.242737,9.026689,7.699694,8.1076565,9.829312,7.355352,9.493947,10.388606,8.047437,9.566149,10.383207,6.3414006,7.605566,8.214022,8.001722,6.3101153,6.9519267,7.6449094,8.334764,7.0080624,8.223085,8.152022,9.731452,6.0156713,8.298364,8.3279915,10.22063,8.1075945,9.116537,8.973739,10.722866,8.305554,8.730784,9.35816,10.361393,7.5584025,8.386945,8.626413,9.328531,6.664171,8.250064,9.091179,7.5246406,7.2769656,9.782641,6.629243,7.4473743,7.1295676,7.4646835,6.3944216,8.575461,7.850426,8.926089,7.318357,7.6416736,6.0442142,9.785388,6.339128,7.219801
2076,7.6899915,10.852625,9.698183,10.524417,7.788369,7.6420946,9.135389,9.561473,7.7615576,10.091692,7.0640035,9.702428,7.65039,8.360425,9.704881,7.25619,9.073521,10.362696,8.73984,9.224013,10.364008,6.489437,7.65547,7.573645,8.673593,6.718192,7.9750257,6.9577823,8.946564,7.2295976,7.871964,8.80048,9.627226,7.6033263,7.664909,7.7731194,10.235474,7.647748,8.787675,8.734379,10.799409,7.752315,8.915086,8.04019,10.292217,7.534403,8.243808,8.008495,10.427731,7.8425813,8.001903,9.646095,7.5722795,8.013407,9.78175,6.672098,7.2597737,7.7252164,8.815036,6.672684,7.2414575,7.2636404,9.040925,6.243912,6.394118,6.56252,9.846604,6.714949,8.053286
2077,8.21626,10.094712,8.949585,10.847533,6.532576,7.4952803,7.826811,8.472097,8.939143,9.780195,8.195369,9.422149,7.515591,8.533875,9.901791,7.8153596,8.68088,10.559365,7.2502246,8.745753,10.368705,6.7847667,6.9708805,7.584318,9.960834,5.8215637,6.7431617,7.86058,7.475444,7.2645307,8.843677,7.685314,10.682153,8.112177,8.735526,8.044344,11.066424,7.6848245,9.347451,8.902872,9.286593,7.797268,8.795978,9.044067,10.719446,8.128733,8.280992,7.804586,8.639827,6.905484,7.7519813,9.951773,5.6672416,7.80846,9.229652,6.4899898,8.2585745,7.2153497,7.751416,8.12603,7.9058375,7.9070177,9.804178,7.982928,8.340605,5.8415265,8.466998,6.3424096,6.421445
2078,8.274258,10.603582,8.874993,10.114824,7.330761,7.8672442,7.675735,9.058166,8.243381,9.266132,7.8668227,9.473037,7.253555,7.969919,10.125169,7.9074063,8.484818,10.556448,7.757541,9.048015,10.230557,7.627817,6.9112997,7.3971314,8.503885,6.36981,6.865502,8.03452,8.280331,8.36903,7.23058,7.713345,11.305427,7.585725,8.800665,8.398233,9.979429,7.4276924,9.097709,9.765283,11.088194,7.7647157,9.281964,8.983975,10.745184,6.6461015,8.2991085,7.927542,10.183751,6.3060226,8.279281,9.190295,5.9937696,7.9578276,9.002267,7.748053,7.09812,8.611383,7.3697805,8.080605,8.78366,8.854957,10.669438,7.0530057,7.7230525,6.336043,8.977932,7.4926457,8.339591
2079,8.9773035,9.500064,7.9133344,10.835875,6.960038,9.082278,8.741385,9.808229,7.7359886,8.940828,7.7413964,10.003388,8.008957,8.141747,9.807849,7.6164403,8.957145,9.622405,8.113984,9.601994,10.505345,6.790914,7.900107,8.211554,9.234012,6.5433264,6.8615236,8.19465,9.59244,7.5822,7.7282143,7.7843003,11.173978,6.248284,7.8375554,8.76746,10.014785,8.263924,9.573805,9.188063,10.847122,7.601587,8.990342,8.636966,10.354241,7.18127,7.8711624,8.885895,9.7986355,6.945747,7.6487756,9.740533,6.5054193,8.24072,9.082616,5.721521,6.798102,8.158139,8.191407,7.5357203,7.974949,9.4500265,10.049772,7.258297,7.326972,5.8254457,9.852743,6.381148,8.374897
2080,8.847725,10.78168,8.294244,10.350715,8.498941,8.449319,9.257044,9.980884,8.062975,9.799377,8.961403,9.343878,8.056524,8.229991,9.180281,7.2445006,8.520801,9.864585,7.974719,9.335939,9.96806,5.7947326,7.2057447,7.965732,9.281908,6.412172,8.353091,7.850545,9.011618,8.027315,8.182978,7.3662972,10.814145,7.0787077,8.488066,8.841819,10.12173,7.7056518,8.780773,8.990523,11.07208,7.5566654,8.646576,9.67039,10.464211,7.2861676,8.230552,8.843843,10.497771,6.564396,7.297472,9.997567,6.294566,9.168619,10.107042,6.9141,7.2245483,7.0998807,8.515568,7.396998,7.769734,9.711457,9.722601,5.9914618,7.340867,6.605699,10.266404,7.918483,8.78782
2081,8.400204,10.487012,9.995065,10.637019,6.7230973,8.273223,8.190753,10.043197,7.8009973,9.908282,7.152219,10.290796,7.099085,8.443035,8.927238,7.586892,7.998937,10.544413,8.193196,8.598135,11.349102,6.3602233,7.540244,8.249076,10.221918,6.195748,7.828856,7.8006077,7.582664,6.6015315,9.961252,8.035166,10.815431,7.1043177,8.266643,8.462877,11.197082,7.308428,8.740401,8.893097,11.283026,7.6394277,8.374332,9.468672,10.684797,6.889404,7.9700475,8.135164,9.813563,5.9865375,6.2613664,10.16606,7.0938673,7.9205427,10.447205,6.8076158,7.228407,7.8088813,7.572572,8.0242,6.9666524,9.229129,9.339026,6.9472275,9.181839,6.537364,10.990664,7.7890806,7.9186406
2082,9.212421,10.288024,9.092197,10.972202,6.2899723,8.057206,7.2913375,10.004901,8.099021,9.503394,8.659434,9.594734,7.23249,8.59284,10.00725,7.565657,9.331918,10.341412,8.712835,9.461452,10.682914,6.1909747,7.458824,8.341876,9.881509,5.9412675,7.6681027,8.644168,8.543577,7.8934803,8.838203,9.208172,9.504438,6.216911,9.559901,9.242866,9.821702,7.0835953,8.470318,9.4120655,11.028168,7.1797576,8.710187,9.737842,11.069773,7.7983484,8.164774,7.8564367,9.800984,6.2524657,8.487984,10.123914,6.0752363,8.106756,9.406485,7.6754804,7.271643,7.5092244,8.99159,6.7451572,8.036764,8.872493,9.635811,6.5354066,7.919273,6.4841933,10.329974,6.780009,7.977497
2083,9.1366,10.352636,8.541843,11.064267,7.500178,8.796808,8.114377,9.340342,8.583412,9.300802,8.2606735,9.766053,5.961592,7.514869,9.698649,7.4844313,9.153495,11.005393,7.3817887,9.866292,11.157937,6.6362076,8.249197,7.561422,8.698565,6.9728827,7.5522375,7.6651583,9.101218,6.481124,9.102628,8.101471,11.336786,7.5284424,7.6634,8.559908,10.439348,8.38168,8.913726,9.173981,10.718093,9.023556,8.797747,9.866684,10.8883,7.7457113,8.0141,7.6030273,9.951936,6.4708543,7.7179384,9.844427,6.9150877,8.092026,10.736057,7.1303163,8.184691,6.805777,8.63652,6.6521387,8.099326,7.6275673,9.465464,6.898384,7.696264,6.1890693,10.038042,7.9322295,9.487688
2084,9.2155075,10.139983,8.82375,11.253296,6.299225,7.6102066,8.7653475,9.868209,7.981531,9.46835,8.063193,9.100073,7.2526155,8.032258,10.244061,8.621573,8.969158,10.349817,8.426077,9.544111,11.830499,6.6251764,7.304972,7.280451,9.167896,7.218211,6.615455,7.573227,9.132835,6.2649817,8.018888,9.493433,11.049564,7.233657,8.135635,9.066188,10.592073,8.601064,8.906159,9.377797,11.939208,8.046029,8.516844,9.183982,11.016473,7.1581388,8.499008,8.427499,10.703565,6.722014,8.012815,9.499905,8.206705,8.958513,9.118824,6.5808506,7.0530877,6.535753,7.3858924,7.8499937,7.761445,7.743869,9.425171,6.666668,8.200023,6.321846,10.346664,7.523087,7.6565537
2085,8.482195,10.076917,8.610257,10.483191,7.371196,8.205762,8.032533,10.334074,7.9023557,9.524402,7.853654,10.555425,6.3542457,8.158012,11.115144,8.141536,8.542056,10.265293,8.474247,9.017304,10.744606,6.8339343,8.010588,8.11203,9.865205,5.39358,6.5234036,7.5709677,9.051587,7.7840753,8.367649,8.257276,10.917148,6.1957273,8.698495,8.379433,10.956306,8.010751,9.105313,9.129822,11.595407,7.3989177,8.845877,8.519734,11.737554,7.845048,8.022677,7.9155245,10.351217,5.9717407,7.3684874,11.473926,6.4559984,8.68361,9.815756,7.4865856,7.089384,6.9223866,8.664384,7.089928,8.143316,8.100327,10.843608,6.2266545,9.250672,6.3590803,10.412082,7.3056464,7.9666467
2086,8.5531645,9.4113455,7.5527673,10.736319,7.0669904,7.7797956,8.499825,9.208259,8.112836,10.193477,8.961472,9.321704,7.044796,8.019443,10.159106,8.146912,8.282099,10.833419,8.469677,9.332479,10.364461,6.8948617,7.2596593,7.796646,9.435664,7.79487,6.7009315,7.3505144,8.759792,7.5124974,8.500385,8.005989,11.015345,7.0065193,8.909385,9.327195,10.534055,7.8274293,8.158459,9.315228,12.683265,7.740182,9.526498,9.524641,11.676344,7.5209355,6.8421006,9.424134,9.827014,6.852479,7.899906,10.419364,7.269126,8.046822,9.677089,6.5097656,6.9402347,7.1683054,8.903779,7.0967155,9.242565,8.961703,10.4397335,6.8644466,7.6697903,6.053757,9.68817,7.5320506,8.491025
2087,9.111613,11.028381,8.680571,10.835374,7.612481,8.314098,7.9343843,10.425264,8.003572,10.516786,7.968737,9.908898,7.6613827,7.760321,10.519169,7.6959953,8.716192,10.96338,8.254382,9.45415,10.620485,6.520089,7.4389343,8.228499,9.941724,5.7959228,7.902506,8.270494,8.30208,7.93877,8.406628,8.222328,10.513606,6.395768,7.8078427,9.235492,11.027861,7.1669793,8.926322,9.84198,11.647018,7.9138885,8.485219,10.011062,11.968307,7.26586,9.145169,8.667289,10.07157,7.9430237,7.8415365,10.92597,7.099504,6.547856,10.073905,6.8686204,7.832954,7.9550915,9.042197,7.7447605,8.048654,9.02231,9.633374,7.7367983,7.350582,6.324408,10.186134,6.7909765,9.993871
2088,8.66413,10.575647,8.96186,11.691712,6.4435825,7.5491757,8.618786,9.929527,8.564721,10.346018,8.307438,10.245119,8.861929,9.527246,10.596487,7.6298676,8.400191,11.19134,7.636998,9.800477,11.408805,8.096499,7.296308,8.476237,9.081351,7.0065928,7.0358386,7.469107,9.239845,7.032395,8.576649,8.298108,10.537215,6.986796,8.002507,9.424474,11.166074,7.91873,9.056138,10.033273,11.483272,7.7946444,8.680887,9.171524,10.935023,7.7677145,7.8473396,8.984175,10.361927,7.003495,7.875517,10.009287,7.359291,6.906308,11.07691,6.1556287,6.944181,6.5899777,8.7621565,7.481588,8.624447,8.344318,10.411025,7.2249894,7.787492,7.3352804,9.8193,6.127508,9.303099
2089,8.619756,11.262843,8.667491,11.291905,6.717141,7.361571,7.901693,9.8510475,8.111485,9.76504,7.960814,9.579712,8.0605,8.873715,10.090404,7.608307,8.287659,10.116499,8.950749,9.604434,10.694958,6.1502485,6.7324624,8.078947,9.373206,6.519946,6.8418083,7.1244287,8.842307,7.4250216,8.120272,9.664634,11.267382,7.5309014,7.8095646,8.57037,11.087898,8.07189,9.360999,9.737624,11.870039,8.312946,8.889078,8.900443,11.494622,6.8865333,9.216757,8.896904,9.9409075,7.034733,7.6076655,10.760712,7.8889675,8.369471,10.660799,6.64344,7.0275955,8.401652,8.461975,6.935618,7.7305007,8.47824,11.129771,6.8874536,8.442604,6.1520143,10.473161,6.5007496,8.340799
2090,8.158004,10.595163,7.9821863,10.64561,7.9085894,8.381189,8.715243,10.858215,8.85895,9.362487,9.226179,10.491865,7.033289,8.489622,11.340665,6.905927,7.981087,10.664926,7.6275673,9.675308,12.467127,6.5603805,6.059239,7.7988863,10.010775,5.4911733,7.2788663,7.6870475,9.055665,6.347245,7.9501452,9.549031,11.736011,7.2972074,8.791589,8.651,11.282755,7.7538753,9.509708,9.685422,11.865359,7.9988513,9.017953,9.150873,10.72813,6.77167,7.866682,7.9164352,9.673544,6.903241,7.3939276,10.536645,6.647572,8.183876,10.65312,7.3061666,7.112741,7.7603564,9.078118,7.3771105,7.1190577,8.528519,10.259176,8.057665,7.7110324,6.5719676,11.206951,7.489672,8.899395
2091,8.418243,11.131342,8.283293,10.9702835,7.45913,7.492114,8.214204,11.062736,8.253189,10.002925,8.202825,10.576131,7.274054,8.025488,9.949792,8.166625,8.778695,11.721164,8.148014,8.829254,11.660043,5.806519,7.0620656,8.278276,9.550055,7.13317,6.6360893,7.8214397,9.2170925,6.790464,7.80735,9.593206,11.734175,7.4839745,8.616612,9.180967,11.404886,7.9477997,9.035417,10.061469,12.198935,7.43791,8.57702,10.280712,11.474141,6.795991,8.047974,8.864186,10.227792,6.689834,8.727217,11.17318,7.0880823,7.580259,11.32229,5.9978323,6.7184443,8.421233,9.697514,7.3449945,7.8948474,9.202069,10.31432,7.487338,7.3503428,7.068998,10.057261,6.8332024,9.108761
2092,8.934658,10.990753,8.030556,12.514313,7.4661846,7.342749,8.333873,9.729671,7.6761246,10.42719,8.038683,10.901202,7.641088,7.991346,10.034057,7.6382165,8.814147,11.268572,7.4842424,9.427061,11.145971,6.8203907,7.7260404,8.080093,9.264435,6.9317613,6.557284,8.00862,9.200449,6.593381,10.072433,9.08093,12.312374,6.9138646,8.969501,8.63108,10.815518,8.182662,8.818093,10.008197,12.174614,7.933617,8.734891,9.797367,11.866362,6.900489,7.6594424,8.38735,10.720855,6.462381,9.1375475,11.702317,6.0475197,7.398446,10.155748,6.0362034,6.426834,7.332577,8.864283,6.7290545,9.288011,8.175094,10.218576,6.564778,7.760742,6.641544,10.404252,7.5384502,7.977799
2093,8.832318,11.344365,8.752092,11.077592,7.019461,7.308505,8.950599,10.767733,9.066446,10.826815,7.7958765,9.307764,6.285612,7.68551,10.840405,6.54914,8.543308,11.812043,7.939412,10.119521,11.647748,7.122685,7.05996,8.245296,10.32348,6.2032256,7.084646,8.03611,8.874687,7.1472545,9.23133,9.032219,11.343487,6.9228506,8.233094,9.313778,11.339697,7.375715,9.390244,9.448903,11.69105,8.287273,8.971207,9.904658,10.737102,7.301108,8.359006,8.505456,10.460911,6.9116325,8.545057,10.530929,5.8054085,8.613719,11.141355,6.973014,7.9285164,7.694592,9.195532,6.873811,8.157966,8.935282,10.638204,6.378103,7.3167706,6.197092,10.159331,7.276153,8.780056
2094,8.322242,11.553245,8.632667,11.9637,6.8031273,8.205797,8.809331,10.581247,7.8844194,10.186709,8.085806,10.854882,7.3721523,8.801265,10.438357,7.1604204,8.864585,11.6045685,9.009275,9.539088,11.426154,6.7334523,6.8512554,8.72657,9.591787,6.1941214,6.878883,7.9511833,9.248434,7.6884456,8.5281515,8.333552,10.586982,7.0704613,8.260562,8.289931,11.326114,7.09155,9.734574,10.068569,12.202275,8.238799,8.625104,9.6307535,12.177572,7.5235705,8.183066,9.530246,10.490141,6.767794,6.9319386,10.607022,6.642347,8.84968,11.628248,6.9559226,7.169255,8.849519,9.177217,7.6262393,8.2123785,8.600081,11.568854,6.90132,7.422433,6.284506,10.4027605,6.9794717,8.544132
2095,8.8469715,11.782054,9.671525,11.620836,7.002919,7.566089,8.371914,11.194544,8.013126,10.4918585,9.4054785,10.658523,7.6441803,7.847255,11.034425,6.5160804,8.500517,11.8307705,7.977218,10.658467,11.2474165,5.6788163,8.169003,7.4070826,9.8532715,6.435645,6.588695,7.767025,8.343957,7.1424985,8.532033,9.505722,11.380866,7.1819477,8.500352,8.915971,10.867723,8.132374,9.346626,10.257123,11.604393,6.913058,8.864098,9.7067175,12.00185,7.3338304,8.158534,8.9922,10.308022,6.9527535,8.376153,9.987227,6.177324,7.314683,11.628583,6.1993246,7.0592213,7.718264,8.580425,7.1100535,8.077261,8.89793,10.445149,6.453065,6.989493,6.5158253,10.59684,7.3286037,7.782483
2096,10.22249,12.382598,7.9400845,11.733434,7.5895724,7.893258,8.0998335,10.116607,7.9205885,10.242225,7.6171794,9.787943,6.964066,8.405601,10.469435,7.637726,9.00198,11.850182,8.549714,9.376825,11.6051,6.608279,6.838558,8.414585,10.041131,6.639874,7.529847,8.031262,9.364944,7.224464,8.0939865,9.766202,12.121822,6.2106853,8.936349,8.913996,11.429767,7.790823,9.393573,10.027848,11.985937,7.6877418,9.167295,10.629609,11.898603,6.609828,8.758907,7.914662,9.99067,6.979899,8.19946,11.08718,7.028899,8.272734,11.345711,6.8660135,7.270685,7.918196,8.948543,6.263608,7.7969413,8.643607,10.412242,7.1772223,7.236115,6.4190917,10.272122,7.1318793,8.893467
2097,8.846821,11.308752,8.939142,11.690982,6.5040946,9.418361,8.297096,11.393184,7.5664897,9.606861,8.423469,9.780678,6.8448563,9.297193,11.320116,7.725728,9.200443,12.878518,8.555664,9.438087,12.052512,6.224251,7.758009,8.007793,9.652824,6.7566237,7.7956066,7.88377,9.014587,7.5857177,9.317271,9.731849,12.00438,6.33511,8.825764,9.787885,11.379889,7.573558,9.147319,10.177062,12.66537,8.868225,9.180579,10.328614,12.175711,6.760311,8.506975,8.97209,10.83628,6.0970864,8.677183,11.001589,7.454005,8.755117,11.682178,5.8681736,6.615559,7.9481034,8.616411,7.087378,8.369752,9.804309,10.721218,7.0283213,7.639473,6.8869853,9.7252,6.945395,8.091437
2098,9.797565,11.063423,9.233252,11.144366,6.0985823,9.459422,8.101884,9.676662,9.522447,10.940738,8.117059,11.064322,8.072035,8.663692,11.296678,7.5469613,8.937191,11.230443,7.3989606,9.811874,11.89332,7.058304,7.72438,8.291542,10.044448,6.8021927,7.0773263,7.669857,9.159202,8.157098,7.7009516,9.049033,12.162994,6.746227,8.459327,8.138265,12.141142,7.0269866,8.813737,10.877858,12.454503,8.358013,9.709213,10.140349,12.117507,6.841574,8.730422,8.230989,10.528545,6.4666157,7.920271,10.754887,7.605285,7.1523333,10.366858,6.659897,6.666933,8.264521,9.960038,7.0706987,7.093866,7.865486,10.257253,5.9952054,7.5527463,7.4478025,9.80126,7.1291323,8.724539
2099,9.113669,11.5371475,9.310179,11.690998,7.0584617,8.026629,9.248364,10.754888,8.147108,10.728943,8.151484,10.951656,7.4110417,8.887684,11.366586,7.7503486,8.167613,11.009025,7.908281,9.995021,11.718151,6.2339983,7.200958,8.317981,10.764625,6.9195776,7.1366053,7.3534374,10.168058,7.478042,10.67341,9.353069,12.117093,6.2032247,8.619284,8.915038,11.981619,8.404154,9.419413,10.208632,12.694216,7.753059,8.237901,9.597011,11.29692,7.135139,9.069701,9.022511,10.909783,6.901392,9.095737,10.981409,6.6920033,8.449618,11.302342,7.288423,7.4776917,7.7585235,9.493391,6.5231967,8.573331,8.297714,10.644605,6.7567806,8.861685,7.1152554,10.280988,6.6235404,10.943687
